{"schemaVersion":"1.0","appDefinitionTemplate":{"id":"/providers/Microsoft.PowerApps/apps/","type":"Microsoft.PowerApps/apps","tags":{"primaryDeviceWidth":"1366","primaryDeviceHeight":"768","supportsPortrait":"true","supportsLandscape":"true","primaryFormFactor":"Tablet","showStatusBar":"false","publisherVersion":"3.24091.13","minimumRequiredApiVersion":"2.2.0","hasComponent":"false","hasUnlockedComponent":"false","isUnifiedRootApp":"false","sienaVersion":"20240923T084632Z-3.24091.13.0","offlineLargeFilesSupport":"false"},"properties":{"appVersion":"2024-09-23T08:46:32Z","lifeCycleId":"Published","createdByClientVersion":{"major":3,"minor":24091,"build":13,"revision":0,"majorRevision":0,"minorRevision":0},"minClientVersion":{"major":3,"minor":24091,"build":13,"revision":0,"majorRevision":0,"minorRevision":0},"backgroundColor":"rgba(0, 115, 205, 1)","backgroundImageUri":"/3565108597598934809/N6cf132e0-df9f-46e0-b23f-786a7df934a2-logoSmallFile","displayName":"OXB Stock Tracker","description":"Beta demo\nLab selector is not finished\nNeeds to be linked to a refreshed Sharepoint List","commitMessage":"","appUris":{"documentUri":{"value":"/3565108597598934809/Nf023eb9b-2a4d-4728-b154-68a280cc3d20-document.msapp"},"imageUris":[],"additionalUris":[{"isSolutionAware":false,"value":"/3565108597598934809/N90c7e089-f31e-452f-bed7-4668584c9f90-identity.json"}]},"createdTime":"0001-01-01T00:00:00Z","lastModifiedTime":"0001-01-01T00:00:00Z","sharedGroupsCount":0,"sharedUsersCount":0,"connectionReferences":{"f64aa194-ca1b-4497-98e0-20ff51e2da61":{"id":"b98cd3f8-0bb2-434a-b3ba-5eb2f2c226d3","displayName":"SharePoint","iconUri":"https://connectoricons-prod.azureedge.net/u/jayawan/releases/v1.0.1697/1.0.1697.3786/sharepointonline/icon.png","dataSources":["OXB Lab Stocks","Stock Tracker - User Preferences"],"dependencies":[],"dependents":[],"parameterHints":{},"parameterHintsV2":{},"isOnPremiseConnection":false,"bypassConsent":false,"dataSets":{"https://oxb.sharepoint.com/sites/Sapio2":{"dataSources":{"OXB Lab Stocks":{"tableName":"6d5d0063-e07d-4993-af4c-b7b511bec6ae"}}}},"apiTier":"Standard","isCustomApiConnection":false,"actions":["providers/PowerPlatform.Governance/Operations/Read","providers/PowerPlatform.Governance/Operations/Write"]},"b5b85fb9-24fa-46b4-89a2-289287faa5de":{"id":"b98cd3f8-0bb2-434a-b3ba-5eb2f2c226d3","displayName":"SharePoint","iconUri":"https://connectoricons-prod.azureedge.net/u/jayawan/releases/v1.0.1697/1.0.1697.3786/sharepointonline/icon.png","dataSources":["Stock Tracker - User Preferences"],"dependencies":[],"dependents":[],"parameterHints":{},"parameterHintsV2":{},"isOnPremiseConnection":false,"bypassConsent":false,"dataSets":{"https://oxb.sharepoint.com/sites/DigitalTeam-Sandbox":{"dataSources":{"Stock Tracker - User Preferences":{"tableName":"5ab0c4d3-35e9-438d-a85d-cf0faee904c6"}}}},"apiTier":"Standard","isCustomApiConnection":false,"actions":["providers/PowerPlatform.Governance/Operations/Read","providers/PowerPlatform.Governance/Operations/Write"]}},"databaseReferences":{},"almMode":"Environment","performanceOptimizationEnabled":true,"canConsumeAppPass":true,"enableModernRuntimeMode":false,"executionRestrictions":{"isTeamsOnly":false,"dataLossPreventionEvaluationResult":{"status":"Compliant","lastEvaluationDate":"2023-11-17T09:48:38.3279005Z","violations":[],"violationsByPolicy":[],"violationErrorMessage":"The app uses the following connectors: shared_sharepointonline."}}},"appType":"ClassicCanvasApp","appComponents":[]}}